name,datetime,tempmax,tempmin,temp,feelslikemax,feelslikemin,feelslike,dew,humidity,precip,precipprob,precipcover,preciptype,snow,snowdepth,windgust,windspeed,winddir,sealevelpressure,cloudcover,visibility,solarradiation,solarenergy,uvindex,severerisk,sunrise,sunset,moonphase,conditions,description,icon,stations
stockton california,2022-06-01,34.3,13.3,24.7,31.9,13.3,23.8,3.6,29.2,0,0,0,,0,0,29.5,20.4,308.3,1011.4,0,16,344.8,29.6,9,10,2022-06-01T05:44:26,2022-06-01T20:22:04,0.08,Clear,Clear conditions throughout the day.,clear-day,"C0136,KSCK,KMOD,KLVK,72492723285,72492623258,72492023237"
stockton california,2022-06-02,34.2,17.9,24.7,32,17.9,24.1,6.6,32.9,0,0,0,,0,0,38.9,32.8,278,1009.4,0,16,288,24.8,9,10,2022-06-02T05:44:05,2022-06-02T20:22:44,0.11,Clear,Clear conditions throughout the day.,clear-day,"C0136,KSCK,KMOD,KLVK,72492723285,72492623258,72492023237"
stockton california,2022-06-03,29.2,15.6,21.9,28.5,15.6,21.8,11.8,54.3,0,0,0,,0,0,46.4,31.4,296.1,1010.3,0.6,16,248.3,21.2,8,10,2022-06-03T05:43:46,2022-06-03T20:23:22,0.14,Clear,Clear conditions throughout the day.,clear-day,"CI070,C0136,KSCK,KMOD,KLVK,72492723285,72492623258,72492023237"
stockton california,2022-06-04,26.6,16.7,21,26.6,16.7,21,8.6,46.8,0,0,0,,0,0,35.3,22.2,307.3,1012.9,58,16,164.8,14.1,5,10,2022-06-04T05:43:29,2022-06-04T20:23:59,0.18,Partially cloudy,Partly cloudy throughout the day.,partly-cloudy-day,"CI070,C0136,KSCK,KMOD,KLVK,72492723285,72492623258,72492023237"
stockton california,2022-06-05,28.8,16.2,22.4,29,16.2,22.5,14.5,62.9,1.527,100,12.5,rain,0,0,34.2,24.1,332,1013.3,69.8,15.6,235.7,20.4,10,10,2022-06-05T05:43:13,2022-06-05T20:24:35,0.21,"Rain, Partially cloudy",Partly cloudy throughout the day with early morning rain.,rain,"CI070,C0136,KSCK,KMOD,KLVK,72492723285,72492623258,72492023237"
stockton california,2022-06-06,31,16.6,23.1,29.4,16.6,22.7,10.4,48.9,0,0,0,,0,0,42.5,27.4,305.4,1013.2,15,16,330.6,28.5,9,10,2022-06-06T05:42:59,2022-06-06T20:25:09,0.24,Clear,Clear conditions throughout the day.,clear-day,"CI070,C0136,KSCK,KMOD,KLVK,72492723285,72492623258,72492023237"
stockton california,2022-06-07,33.7,13.4,23.6,31.7,13.4,23,9.4,44.7,0,0,0,,0,0,42.5,32.1,297.5,1011.7,0,16,308.4,26.5,9,10,2022-06-07T05:42:47,2022-06-07T20:25:43,0.25,Clear,Clear conditions throughout the day.,clear-day,"C0136,KSCK,KMOD,KLVK,72492723285,72492623258,72492023237"
stockton california,2022-06-08,33.2,15,23.7,32.5,15,23.4,9.4,41.2,0,0,0,,0,0,44.1,33.1,276.6,1011.3,0,16,285.1,24.5,9,10,2022-06-08T05:42:37,2022-06-08T20:26:15,0.31,Clear,Clear conditions throughout the day.,clear-day,"C0136,KSCK,KMOD,KLVK,72492723285,72492623258,72492023237"
stockton california,2022-06-09,36.6,16.1,26.4,34.8,16.1,25.7,10.7,41.7,0,0,0,,0,0,38.9,25.8,298.4,1010.6,0,16,313.2,27,9,10,2022-06-09T05:42:29,2022-06-09T20:26:46,0.34,Clear,Clear conditions throughout the day.,clear-day,"C0136,KSCK,KMOD,KLVK,72492723285,72492623258,72492023237"
stockton california,2022-06-10,39.9,18.9,29.7,38.1,18.9,29.1,12,37,0,0,0,,0,0,41,24.1,308.5,1011.5,0,16,325.8,28,9,10,2022-06-10T05:42:22,2022-06-10T20:27:15,0.38,Clear,Clear conditions throughout the day.,clear-day,"C0136,KSCK,KMOD,KLVK,72492723285,72492623258,72492023237"
stockton california,2022-06-11,37.7,20,28.5,36.8,20,28.1,12.9,41.5,0,0,0,,0,0,50,33,295.2,1011.9,0,15.2,320.7,27.9,9,10,2022-06-11T05:42:18,2022-06-11T20:27:44,0.41,Clear,Clear conditions throughout the day.,clear-day,"C0136,KSCK,KMOD,KLVK,72492723285,72492623258,72492023237"
stockton california,2022-06-12,30.5,16.7,24.2,31,16.7,24.3,14.8,56.8,0,0,0,,0,0,58.1,37.6,274.9,1009.9,15.7,14.8,272.4,23.4,10,10,2022-06-12T05:42:15,2022-06-12T20:28:10,0.44,Clear,Clear conditions throughout the day.,clear-day,"C0136,KSCK,KMOD,KLVK,72492723285,72492623258,72492023237"
stockton california,2022-06-13,29.2,14.9,22,27.6,14.9,21.6,5.4,41.1,0,0,0,,0,0,48.8,38.4,311,1013.8,0,16,335.8,28.9,10,10,2022-06-13T05:42:13,2022-06-13T20:28:36,0.48,Clear,Clear conditions throughout the day.,clear-day,"C0136,KSCK,KMOD,KLVK,72492723285,72492623258,72492023237"
stockton california,2022-06-14,32.8,17.7,24.7,30.4,17.7,24,3.8,30.2,0,0,0,,0,0,42.9,32.1,319.9,1013.6,0,16,332.8,28.6,9,10,2022-06-14T05:42:14,2022-06-14T20:28:59,0.5,Clear,Clear conditions throughout the day.,clear-day,"C0136,KSCK,KMOD,KLVK,72492723285,72492623258,72492023237"
stockton california,2022-06-15,36,13.9,25.5,33.7,13.9,24.6,7,36.2,0,0,0,,0,0,50,31.3,296.3,1010.7,0,16,328.3,28.4,9,10,2022-06-15T05:42:16,2022-06-15T20:29:22,0.54,Clear,Clear conditions throughout the day.,clear-day,"C0136,KSCK,KMOD,KLVK,72492723285,72492623258,72492023237"
stockton california,2022-06-16,30.5,13.4,21.1,28.8,13.4,20.7,5.5,39.2,0,0,0,,0,0,55.3,45.6,269.5,1009.3,0.1,16,323.2,27.7,10,10,2022-06-16T05:42:20,2022-06-16T20:29:42,0.58,Clear,Clear conditions throughout the day.,clear-day,"C0136,KSCK,KMOD,KLVK,72492723285,72492623258,72492023237"
stockton california,2022-06-17,24.2,13.8,17.7,24.2,13.8,17.7,6.7,50.6,0,0,0,,0,0,56.6,32.8,266.9,1011.4,17.3,16,269.5,23.1,10,10,2022-06-17T05:42:26,2022-06-17T20:30:02,0.61,Clear,Clear conditions throughout the day.,clear-day,"C0136,KSCK,KMOD,KLVK,72492723285,72492623258,72492023237"
stockton california,2022-06-18,25.5,10.7,18.2,25.5,10.7,18.2,7.1,52.2,0,0,0,,0,0,40.7,31.3,283.9,1014.1,2.6,16,326.3,28.1,9,10,2022-06-18T05:42:34,2022-06-18T20:30:19,0.65,Clear,Clear conditions throughout the day.,clear-day,"C0136,KSCK,KMOD,KLVK,72492723285,72492623258,72492023237"
stockton california,2022-06-19,30.5,10,21.5,28.7,10,21,7.5,45.6,0,0,0,,0,0,38.9,25.7,301,1016.5,0,16,322.6,27.9,9,10,2022-06-19T05:42:43,2022-06-19T20:30:35,0.68,Clear,Clear conditions throughout the day.,clear-day,"C0136,KSCK,KMOD,KLVK,72492723285,72492623258,72492023237"
stockton california,2022-06-20,34.3,16.1,25.2,31.9,16.1,24.4,7.2,36.3,0,0,0,,0,0,35.2,29.3,324.5,1014.4,0,16,318.6,27.6,9,10,2022-06-20T05:42:54,2022-06-20T20:30:49,0.75,Clear,Clear conditions throughout the day.,clear-day,"C0136,KSCK,KMOD,KLVK,72492723285,72492623258,72492023237"
stockton california,2022-06-21,39.9,15.1,28.6,37.1,15.1,27.4,6.2,28.4,0,0,0,,0,0,29.4,18,319.8,1010.8,0,16,327.5,28.6,9,10,2022-06-21T05:43:06,2022-06-21T20:31:02,0.75,Clear,Clear conditions throughout the day.,clear-day,"C0136,KSCK,KMOD,KLVK,72492723285,72492623258,72492023237"
stockton california,2022-06-22,33.8,19.4,27.1,32.9,19.4,26.8,11.8,39.5,0,0,0,,0,0,36.7,16.1,115.7,1010.4,4.6,16,192.8,16.7,7,10,2022-06-22T05:43:20,2022-06-22T20:31:13,0.78,Clear,Clear conditions throughout the day.,clear-day,"C0136,KSCK,KMOD,KLVK,72492723285,72492623258,72492023237"
stockton california,2022-06-23,38.8,19.4,29.3,37.4,19.4,28.6,11.5,37,0,0,0,,0,0,26.6,25.8,293.8,1010.1,2.3,16,317.7,27.3,9,10,2022-06-23T05:43:36,2022-06-23T20:31:22,0.82,Clear,Clear conditions throughout the day.,clear-day,"CI070,C0136,KSCK,KMOD,KLVK,72492723285,72492623258,72492023237"
stockton california,2022-06-24,39.3,18.4,28.8,37.2,18.4,27.9,8.9,31.9,0,0,0,,0,0,33.5,18.6,317.9,1009.4,0,16,332.4,29,9,10,2022-06-24T05:43:53,2022-06-24T20:31:30,0.85,Clear,Clear conditions throughout the day.,clear-day,"CI070,C0136,KSCK,KMOD,KLVK,72492723285,72492623258,72492023237"
stockton california,2022-06-25,38.2,16.2,28.1,36,16.2,27.1,8,32.3,0,0,0,,0,0,30.2,22.3,318.4,1010.6,0,16,329.2,28.5,9,10,2022-06-25T05:44:12,2022-06-25T20:31:35,0.89,Clear,Clear conditions throughout the day.,clear-day,"CI070,C0136,KSCK,KMOD,KLVK,72492723285,72492623258,72492023237"
stockton california,2022-06-26,38.7,15.7,27.2,36.4,15.7,26.3,9.6,38.6,0,0,0,,0,0,27.7,24,313.1,1013.6,0,16,332.7,28.9,10,10,2022-06-26T05:44:32,2022-06-26T20:31:39,0.92,Clear,Clear conditions throughout the day.,clear-day,"CI070,C0136,KSCK,KMOD,KLVK,72492723285,72492623258,72492023237"
stockton california,2022-06-27,38.3,15,27,35.8,15,26.1,9.5,39.9,0,0,0,,0,0,35.2,26,312.3,1015,0,16,330.8,28.8,9,10,2022-06-27T05:44:54,2022-06-27T20:31:41,0.95,Clear,Clear conditions throughout the day.,clear-day,"C0136,KSCK,KMOD,KLVK,72492723285,72492623258,72492023237"
stockton california,2022-06-28,38.2,15,27.3,35.1,15,26.1,4.3,28.5,0,0,0,,0,0,35.3,32.7,313.6,1014.6,1.1,16,325,28.1,9,10,2022-06-28T05:45:17,2022-06-28T20:31:42,0,Clear,Clear conditions throughout the day.,clear-day,"C0136,KSCK,KMOD,KLVK,72492723285,72492623258,72492023237"
stockton california,2022-06-29,35.4,16.2,25.4,33.3,16.2,24.7,7.8,35.1,0,0,0,,0,0,33.5,28.7,304,1013.8,0,16,326.6,28.3,9,10,2022-06-29T05:45:42,2022-06-29T20:31:40,0.02,Clear,Clear conditions throughout the day.,clear-day,"C0136,KSCK,KMOD,KLVK,72492723285,72492623258,72492023237"
stockton california,2022-06-30,31.5,13.9,21.7,30.1,13.9,21.3,10.4,52.6,0,0,0,,0,0,35.3,25.8,285.7,1014.4,0.7,16,320.7,27.6,9,10,2022-06-30T05:46:08,2022-06-30T20:31:37,0.06,Clear,Clear conditions throughout the day.,clear-day,"C0136,KSCK,KMOD,KLVK,72492723285,72492623258,72492023237"
stockton california,2022-07-01,32,12.3,21.7,30.5,12.3,21.3,9.4,50.4,0,0,0,,0,0,39.7,28.2,289.6,1013.6,0.5,16,326,28.2,9,10,2022-07-01T05:46:35,2022-07-01T20:31:32,0.09,Clear,Clear conditions throughout the day.,clear-day,"CI070,C0136,KSCK,KMOD,KLVK,72492723285,72492623258,72492023237"
stockton california,2022-07-02,27.1,13.4,19.1,26.6,13.4,19.1,10.2,59.3,0,0,0,,0,0,51.8,38.3,273.8,1012.7,1.6,16,321.3,27.6,9,10,2022-07-02T05:47:04,2022-07-02T20:31:25,0.13,Clear,Clear conditions throughout the day.,clear-day,"CI070,C0136,KSCK,KMOD,KLVK,72492723285,72492623258,72492023237"
stockton california,2022-07-03,25.5,13.3,18.7,25.5,13.3,18.7,10.2,59.5,0,0,0,,0,0,43.9,29.1,276.5,1013.8,8.7,16,269.6,23.2,9,10,2022-07-03T05:47:34,2022-07-03T20:31:16,0.16,Clear,Clear conditions throughout the day.,clear-day,"CI070,C0136,KSCK,KMOD,KLVK,72492723285,72492623258,72492023237"
stockton california,2022-07-04,29.9,12.9,21.6,29.3,12.9,21.5,12.7,59.2,0,0,0,,0,0,35.3,28.9,295.5,1013.6,35.1,16,303.3,26.2,9,10,2022-07-04T05:48:05,2022-07-04T20:31:05,0.19,Partially cloudy,Partly cloudy throughout the day.,partly-cloudy-day,"CI070,C0136,KSCK,KMOD,KLVK,72492723285,72492623258,72492023237"
stockton california,2022-07-05,31,19.3,24.4,31,19.3,24.4,15.6,59.8,0,0,0,,0,0,42.5,27.4,306.4,1012.8,37.2,15.9,301.8,26,9,10,2022-07-05T05:48:37,2022-07-05T20:30:53,0.23,Partially cloudy,Clearing in the afternoon.,partly-cloudy-day,"CI070,C0136,KSCK,KMOD,KLVK,72492723285,72492623258,72492023237"
stockton california,2022-07-06,28.7,17.1,22.2,28.2,17.1,22.1,13.1,58.6,0,0,0,,0,0,37.1,29.4,302.4,1013.5,3.3,16,313.1,27,9,10,2022-07-06T05:49:11,2022-07-06T20:30:39,0.25,Clear,Clear conditions throughout the day.,clear-day,"C0136,KSCK,KMOD,KLVK,72492723285,72492623258,72492023237"
stockton california,2022-07-07,31.6,15.6,23.2,30.3,15.6,22.8,12.1,53.4,0,0,0,,0,0,30.2,23.5,289,1014.6,0.9,16,317,27.4,9,10,2022-07-07T05:49:45,2022-07-07T20:30:22,0.3,Clear,Clear conditions throughout the day.,clear-day,"C0136,KSCK,KMOD,KLVK,72492723285,72492623258,72492023237"
stockton california,2022-07-08,34.8,15,24.8,33.6,15,24.4,11.5,46.5,0,0,0,,0,0,37.1,24.2,292.8,1014.9,0,16,316.3,27.3,9,10,2022-07-08T05:50:21,2022-07-08T20:30:04,0.33,Clear,Clear conditions throughout the day.,clear-day,"C0136,KSCK,KMOD,KLVK,72492723285,72492623258,72492023237"
stockton california,2022-07-09,33.2,16.7,24.5,32.3,16.7,24.1,12.3,49.4,0,0,0,,0,0,37.1,29.5,282.7,1017.9,0,16,315.8,27.3,9,10,2022-07-09T05:50:58,2022-07-09T20:29:44,0.36,Clear,Clear conditions throughout the day.,clear-day,"C0136,KSCK,KMOD,KLVK,72492723285,72492623258,72492023237"
stockton california,2022-07-10,37.8,15.7,26.9,35.4,15.7,26.2,11.5,43.5,0,0,0,,0,0,27.7,20.2,307.7,1015.6,0,16,323.4,27.9,9,10,2022-07-10T05:51:35,2022-07-10T20:29:23,0.4,Clear,Clear conditions throughout the day.,clear-day,"C0136,KSCK,KMOD,KLVK,72492723285,72492623258,72492023237"
stockton california,2022-07-11,39.8,19.3,29.8,37.9,19.3,29,11.5,35.9,0,0,0,,0,0,31,23.9,297,1010.3,0,16,316.7,27.3,9,10,2022-07-11T05:52:14,2022-07-11T20:28:59,0.43,Clear,Clear conditions throughout the day.,clear-day,"CI070,C0136,KSCK,KMOD,KLVK,72492723285,72492623258,72492023237"
stockton california,2022-07-12,34.9,17.9,25.7,34.1,17.9,25.3,12.9,47.8,0,0,0,,0,0,35.3,24.1,319.9,1009.3,0.3,16,308.3,26.7,9,10,2022-07-12T05:52:54,2022-07-12T20:28:34,0.47,Clear,Clear conditions throughout the day.,clear-day,"CI070,C0136,KSCK,KMOD,KLVK,72492723285,72492623258,72492023237"
stockton california,2022-07-13,33.2,15.7,24,32.3,15.7,23.7,13.3,55.4,0,0,0,,0,0,29.5,20.6,324.2,1012,0.5,16,316.4,27.2,9,10,2022-07-13T05:53:35,2022-07-13T20:28:06,0.5,Clear,Clear conditions throughout the day.,clear-day,"C0136,KSCK,KMOD,KLVK,72492723285,72492623258,72492023237"
stockton california,2022-07-14,36,15.7,25.4,35.8,15.7,25.2,12.6,48.5,0,0,0,,0,0,41,25.7,293.3,1011.8,0,16,317.2,27.3,9,10,2022-07-14T05:54:16,2022-07-14T20:27:37,0.53,Clear,Clear conditions throughout the day.,clear-day,"C0136,KSCK,KMOD,KLVK,72492723285,72492623258,72492023237"
stockton california,2022-07-15,36,15.7,25.9,34.5,15.7,25.3,9.7,39,0,0,0,,0,0,35.3,22.2,295.2,1012.6,0,16,316.8,27.2,9,10,2022-07-15T05:54:58,2022-07-15T20:27:07,0.57,Clear,Clear conditions throughout the day.,clear-day,"C0136,KSCK,KMOD,KLVK,72492723285,72492623258,72492023237"
stockton california,2022-07-16,39.9,18.3,29,38.4,18.3,28.1,10.3,35.5,0,0,0,,0,0,22.3,18.1,316.3,1010.5,0,16,314.6,27.1,9,10,2022-07-16T05:55:41,2022-07-16T20:26:34,0.6,Clear,Clear conditions throughout the day.,clear-day,"C0136,KSCK,KMOD,KLVK,72492723285,72492623258,72492023237"
stockton california,2022-07-17,39.8,20.6,30.1,37.8,20.6,29.2,9.8,31.8,0,0,0,,0,0,33.5,25.8,311,1007.9,0,16,308.5,26.6,9,10,2022-07-17T05:56:25,2022-07-17T20:26:00,0.63,Clear,Clear conditions throughout the day.,clear-day,"C0136,KSCK,KMOD,KLVK,72492723285,72492623258,72492023237"
stockton california,2022-07-18,39.3,20.7,30.1,37.1,20.7,29,8.1,27.7,0,0,0,,0,0,24.1,21.9,292.3,1011,0,16,309,26.7,9,10,2022-07-18T05:57:10,2022-07-18T20:25:23,0.67,Clear,Clear conditions throughout the day.,clear-day,"C0136,KSCK,KMOD,KLVK,72492723285,72492623258,72492023237"
stockton california,2022-07-19,38.7,19.9,28.9,36.4,19.9,27.8,7.8,30.9,0,0,0,,0,0,35.3,24.1,307.4,1013.4,0,16,312,26.9,9,10,2022-07-19T05:57:55,2022-07-19T20:24:46,0.7,Clear,Clear conditions throughout the day.,clear-day,"C0136,KSCK,KMOD,KLVK,72492723285,72492623258,72492023237"
stockton california,2022-07-20,37.7,17.2,27.3,35.3,17.2,26.4,8.8,35.7,0,0,0,,0,0,27.7,22.4,308.5,1014.4,0,16,317.5,27.4,9,10,2022-07-20T05:58:40,2022-07-20T20:24:06,0.75,Clear,Clear conditions throughout the day.,clear-day,"C0136,KSCK,KMOD,KLVK,72492723285,72492623258,72492023237"
stockton california,2022-07-21,37.7,16.1,26.7,35.8,16.1,26,8.6,35.3,0,0,0,,0,0,28.4,27.2,302.5,1013.1,0,16,320.9,27.6,9,10,2022-07-21T05:59:27,2022-07-21T20:23:25,0.77,Clear,Clear conditions throughout the day.,clear-day,"C0136,KSCK,KMOD,KLVK,72492723285,72492623258,72492023237"
stockton california,2022-07-22,37.1,16.7,27,35.2,16.7,26,5.8,29.6,0,0,0,,0,0,40.7,29.4,296,1011.4,0,16,317.1,27.4,9,10,2022-07-22T06:00:14,2022-07-22T20:22:42,0.8,Clear,Clear conditions throughout the day.,clear-day,"C0136,KSCK,KMOD,KLVK,72492723285,72492623258,72492023237"
stockton california,2022-07-23,36.5,17.1,25.8,34.2,17.1,25.2,7.8,34,0,0,0,,0,0,32.8,20.3,298.4,1009.8,0,16,321.8,27.8,9,10,2022-07-23T06:01:01,2022-07-23T20:21:57,0.83,Clear,Clear conditions throughout the day.,clear-day,"C0136,KSCK,KMOD,KLVK,72492723285,72492623258,72492023237"
stockton california,2022-07-24,36,16.1,25.5,34.6,16.1,25,11.8,46.2,0,0,0,,0,0,27.7,16.6,310.9,1009.3,0,16,314.6,27.2,9,10,2022-07-24T06:01:49,2022-07-24T20:21:11,0.87,Clear,Clear conditions throughout the day.,clear-day,"C0136,KSCK,KMOD,KLVK,72492723285,72492623258,72492023237"
stockton california,2022-07-25,34.2,15.6,24.2,33.3,15.6,23.9,12,49.7,0,0,0,,0,0,29.5,22.3,318.2,1009.8,0.5,16,298.2,25.8,9,10,2022-07-25T06:02:37,2022-07-25T20:20:23,0.9,Clear,Clear conditions throughout the day.,clear-day,"C0136,KSCK,KMOD,KLVK,72492723285,72492623258,72492023237"
stockton california,2022-07-26,34.2,18.3,24.8,32.6,18.3,24.3,11.9,48.6,0.008,100,4.17,rain,0,0,29.5,28.1,324.6,1011.3,2.5,16,296.6,25.6,9,10,2022-07-26T06:03:26,2022-07-26T20:19:33,0.93,Rain,Clear conditions throughout the day with early morning rain.,rain,"C0136,KSCK,KMOD,KLVK,72492723285,72492623258,72492023237"
stockton california,2022-07-27,35.5,15.7,24.9,33.6,15.7,24.2,10.4,47.2,0,0,0,,0,0,27.4,27.3,314,1012.7,0.5,16,300.5,26.1,9,10,2022-07-27T06:04:15,2022-07-27T20:18:42,0.97,Clear,Clear conditions throughout the day.,clear-day,"C0136,KSCK,KMOD,KLVK,72492723285,72492623258,72492023237"
stockton california,2022-07-28,34.8,16.7,25.1,35,16.7,24.9,12.7,48.2,0,0,0,,0,0,33.5,25.5,297.8,1010.4,0.2,16,250,21.6,8,10,2022-07-28T06:05:05,2022-07-28T20:17:50,0,Clear,Clear conditions throughout the day.,clear-day,"C0136,KSCK,KMOD,KLVK,72492723285,72492623258,72492023237"
stockton california,2022-07-29,34.2,16.7,24.7,35.1,16.7,24.8,14.6,56.1,0,0,0,,0,0,30.2,23.8,293.3,1009.5,0.7,16,292.4,25.3,9,10,2022-07-29T06:05:55,2022-07-29T20:16:56,0.04,Clear,Clear conditions throughout the day.,clear-day,"CI070,C0136,KSCK,KMOD,KLVK,72492723285,72492623258,72492023237"
stockton california,2022-07-30,33.6,17.8,24.5,34.2,17.8,24.6,15.1,58.1,0,0,0,,0,0,37.1,24,298.8,1010.8,0.8,16,285.7,24.9,9,10,2022-07-30T06:06:45,2022-07-30T20:16:00,0.07,Clear,Clear conditions throughout the day.,clear-day,"CI070,C0136,KSCK,KMOD,KLVK,72492723285,72492623258,72492023237"
stockton california,2022-07-31,31,18.3,24.1,31.1,18.3,24.2,15,58.3,0,0,0,,0,0,19.8,22.1,304.7,1013.1,1.8,16,174.4,15.3,9,10,2022-07-31T06:07:36,2022-07-31T20:15:03,0.11,Clear,Clear conditions throughout the day.,clear-day,"CI070,C0136,KSCK,KMOD,KLVK,72492723285,72492623258,72492023237"
stockton california,2022-08-01,32.7,19.3,25.3,30.9,19.3,25,13,48.6,0,0,0,,0,0,25.6,18.4,324.5,1014.5,11.5,16,170.5,14.6,7,10,2022-08-01T06:08:26,2022-08-01T20:14:04,0.14,Clear,Clear conditions throughout the day.,clear-day,"CI070,C0136,KSCK,KMOD,KLVK,72492723285,72492623258,72492023237"
stockton california,2022-08-02,38.2,21.1,28.6,38,21.1,28.6,15,46.4,0,0,0,,0,0,28.1,30.8,303.5,1013.6,0,16,281.5,24.3,9,10,2022-08-02T06:09:17,2022-08-02T20:13:04,0.18,Clear,Clear conditions throughout the day.,clear-day,"CI070,C0136,KSCK,KMOD,KLVK,72492723285,72492623258,72492023237"
stockton california,2022-08-03,38.2,20.6,29,37.8,20.6,28.7,12,36.5,0,0,0,,0,0,33.5,23.9,299,1011.1,0,16,291.5,25.2,9,10,2022-08-03T06:10:08,2022-08-03T20:12:03,0.21,Clear,Clear conditions throughout the day.,clear-day,"CI070,C0136,KSCK,KMOD,KLVK,72492723285,72492623258,72492023237"
stockton california,2022-08-04,37.1,22.2,29.5,35.9,22.2,28.8,10.1,31.4,0,0,0,,0,0,47.9,22.2,308.6,1009.1,0,16,272.8,23.5,9,10,2022-08-04T06:11:00,2022-08-04T20:11:00,0.25,Clear,Clear conditions throughout the day.,clear-day,"CI070,C0136,KSCK,KMOD,KLVK,72492723285,72492623258,72492023237"
stockton california,2022-08-05,32,18.8,24,31.8,18.8,23.9,13.4,53.3,0,0,0,,0,0,38.9,22.2,328.4,1012.3,7.8,16,227.3,19.6,8,10,2022-08-05T06:11:51,2022-08-05T20:09:56,0.25,Clear,Clear conditions throughout the day.,clear-day,"CI070,C0136,KSCK,KMOD,KLVK,72492723285,72492623258,72492023237"
stockton california,2022-08-06,31,16.7,23.1,30.3,16.7,23,14.1,60,0,0,0,,0,0,27.7,28.2,322,1013.9,0.7,16,291,25.1,9,10,2022-08-06T06:12:43,2022-08-06T20:08:51,0.32,Clear,Clear conditions throughout the day.,clear-day,"CI070,C0136,KSCK,KMOD,KLVK,72492723285,72492623258,72492023237"
stockton california,2022-08-07,32.7,15.1,23.3,31.9,15.1,23.1,12.9,55.6,0,0,0,,0,0,38.9,30.8,316.2,1014.1,0.4,16,294.8,25.6,9,10,2022-08-07T06:13:34,2022-08-07T20:07:44,0.35,Clear,Clear conditions throughout the day.,clear-day,"CI070,C0136,KSCK,KMOD,KLVK,72492723285,72492623258,72492023237"
stockton california,2022-08-08,33.2,16.7,24,31.9,16.7,23.6,12.5,52.5,0,0,0,,0,0,33.5,24.1,292.9,1013.7,0.2,16,288.1,24.8,9,10,2022-08-08T06:14:26,2022-08-08T20:06:36,0.39,Clear,Clear conditions throughout the day.,clear-day,"CI070,C0136,KSCK,KMOD,KLVK,72492723285,72492623258,72492023237"
stockton california,2022-08-09,32.1,17.8,23.9,31.2,17.8,23.6,12.9,52.8,0,0,0,,0,0,37.1,25.8,299.2,1013.4,2.4,16,307.8,26.7,10,10,2022-08-09T06:15:18,2022-08-09T20:05:27,0.42,Clear,Clear conditions throughout the day.,clear-day,"C0136,KSCK,KMOD,KLVK,72492723285,72492623258,72492023237"
stockton california,2022-08-10,32.7,15.7,23.8,31.6,15.7,23.5,13,55,0,0,0,,0,0,38.5,27.8,299.9,1016.2,0.1,16,299,25.9,9,10,2022-08-10T06:16:10,2022-08-10T20:04:17,0.46,Clear,Clear conditions throughout the day.,clear-day,"C0136,KSCK,KMOD,KLVK,72492723285,72492623258,72492023237"
stockton california,2022-08-11,34.2,16.2,24.2,32.5,16.2,23.8,11.5,49.8,0,0,0,,0,0,40.7,23.7,297.2,1015.7,0.1,16,299.8,26,9,10,2022-08-11T06:17:02,2022-08-11T20:03:05,0.5,Clear,Clear conditions throughout the day.,clear-day,"C0136,KSCK,KMOD,KLVK,72492723285,72492623258,72492023237"
stockton california,2022-08-12,34.2,16.1,24.3,32.7,16.1,23.8,10.6,46,0,0,0,,0,0,31.7,24.1,291.2,1014.6,0,16,296.5,25.6,9,10,2022-08-12T06:17:54,2022-08-12T20:01:53,0.52,Clear,Clear conditions throughout the day.,clear-day,"C0136,KSCK,KMOD,KLVK,72492723285,72492623258,72492023237"
stockton california,2022-08-13,36,15,25.1,34,15,24.4,9.4,41,0,0,0,,0,0,28.1,22.3,304.8,1014.2,0,16,299.3,26,9,10,2022-08-13T06:18:46,2022-08-13T20:00:39,0.56,Clear,Clear conditions throughout the day.,clear-day,"C0136,KSCK,KMOD,KLVK,72492723285,72492623258,72492023237"
stockton california,2022-08-14,37.1,12.3,25.8,34.9,12.3,25,9,39.3,0,0,0,,0,0,33.5,18.5,304.5,1012.5,0,16,315.2,27.4,9,10,2022-08-14T06:19:38,2022-08-14T19:59:24,0.59,Clear,Clear conditions throughout the day.,clear-day,"C0136,KSCK,KMOD,KLVK,72492723285,72492623258,72492023237"
stockton california,2022-08-15,39.2,15.1,27.5,36.6,15.1,26.7,10.5,40.5,0,0,0,,0,0,27,16.7,303.5,1009.3,0,15.9,303.1,26.2,9,10,2022-08-15T06:20:30,2022-08-15T19:58:08,0.62,Clear,Clear conditions throughout the day.,clear-day,"C0136,KSCK,KMOD,KLVK,72492723285,72492623258,72492023237"
stockton california,2022-08-16,41.6,18.3,29.9,38.6,18.3,28.9,9.4,33.6,0,0,0,,0,0,26.6,16.4,319.9,1007.2,0,15.8,288,24.8,9,10,2022-08-16T06:21:22,2022-08-16T19:56:51,0.65,Clear,Clear conditions throughout the day.,clear-day,"C0136,KSCK,KMOD,KLVK,72492723285,72492623258,72492023237"
stockton california,2022-08-17,34.9,21.7,28.7,34,21.7,27.9,10.4,33.5,0,0,0,,0,0,32.8,27.3,308.9,1009.2,2.2,15.8,119,10.4,4,10,2022-08-17T06:22:14,2022-08-17T19:55:33,0.69,Clear,Clear conditions throughout the day.,clear-day,"C0136,KSCK,KMOD,KLVK,72492723285,72492623258,72492023237"
stockton california,2022-08-18,38.7,20,28.4,37.4,20,27.8,11,36.6,0,0,0,,0,0,30.2,24.2,314.6,1010.7,0,16,292.9,25.2,9,10,2022-08-18T06:23:06,2022-08-18T19:54:15,0.75,Clear,Clear conditions throughout the day.,clear-day,"C0136,KSCK,KMOD,KLVK,72492723285,72492623258,72492023237"
stockton california,2022-08-19,38.7,17.8,27.2,37.3,17.8,26.5,10.9,40.3,0,0,0,,0,0,31,24,308.8,1008.1,0,16,293.2,25.3,9,10,2022-08-19T06:23:58,2022-08-19T19:52:55,0.75,Clear,Clear conditions throughout the day.,clear-day,"C0136,KSCK,KMOD,KLVK,72492723285,72492623258,72492023237"
stockton california,2022-08-20,40.4,16.2,27.8,37.8,16.2,27.1,11.1,40.8,0,0,0,,0,0,25.6,20.4,297.4,1007,0,16,289.9,25.1,9,10,2022-08-20T06:24:50,2022-08-20T19:51:34,0.79,Clear,Clear conditions throughout the day.,clear-day,"C0136,KSCK,KMOD,KLVK,72492723285,72492623258,72492023237"
stockton california,2022-08-21,34.9,18.3,25.3,34.3,18.3,25.1,13.2,49.4,0,0,0,,0,0,28.4,21,315.4,1012.3,0,16,284,24.5,8,10,2022-08-21T06:25:42,2022-08-21T19:50:13,0.82,Clear,Clear conditions throughout the day.,clear-day,"C0136,KSCK,KMOD,KLVK,72492723285,72492623258,72492023237"
stockton california,2022-08-22,37.1,16.2,25.5,35.3,16.2,25.2,13.2,51.1,0,0,0,,0,0,35.3,29.1,296.6,1013.9,0.1,16,285.5,24.5,9,10,2022-08-22T06:26:34,2022-08-22T19:48:50,0.85,Clear,Clear conditions throughout the day.,clear-day,"C0136,KSCK,KMOD,KLVK,72492723285,72492623258,72492023237"
stockton california,2022-08-23,37.8,18.4,27.6,37.5,18.4,27.5,14.6,49,0,0,0,,0,0,27,17.9,297.2,1008.7,0.1,16,280.2,24.4,9,10,2022-08-23T06:27:25,2022-08-23T19:47:27,0.88,Clear,Clear conditions throughout the day.,clear-day,"C0136,KSCK,KMOD,KLVK,72492723285,72492623258,72492023237"
stockton california,2022-08-24,37.1,17.9,27.2,36.5,17.9,27,13.8,47.5,0,0,0,,0,0,22.7,18.5,300.5,1007.4,0,16,292,25.1,9,10,2022-08-24T06:28:17,2022-08-24T19:46:03,0.92,Clear,Clear conditions throughout the day.,clear-day,"C0136,KSCK,KMOD,KLVK,72492723285,72492623258,72492023237"
stockton california,2022-08-25,35.5,16.2,25.2,33.7,16.2,24.8,13.4,51.9,0,0,0,,0,0,23,16.9,312,1011.6,0.3,16,272.5,23.5,9,10,2022-08-25T06:29:09,2022-08-25T19:44:38,0.95,Clear,Clear conditions throughout the day.,clear-day,"CI070,C0136,KSCK,KMOD,KLVK,72492723285,72492623258,72492023237"
stockton california,2022-08-26,35.5,16.2,24.7,33.8,16.2,24.3,13.5,55.1,0,0,0,,0,0,21.2,20.4,319.5,1011.9,0.8,16,273.7,23.8,9,10,2022-08-26T06:30:00,2022-08-26T19:43:13,0.98,Clear,Clear conditions throughout the day.,clear-day,"CI070,C0136,KSCK,KMOD,KLVK,72492723285,72492623258,72492023237"
stockton california,2022-08-27,33.8,16.7,24.6,32.8,16.7,24.4,13,51.6,0,0,0,,0,0,34.2,16.9,303.4,1008,0.4,16,279,24.2,9,10,2022-08-27T06:30:52,2022-08-27T19:41:47,0,Clear,Clear conditions throughout the day.,clear-day,"C0136,KSCK,KMOD,KLVK,72492723285,72492623258,72492023237"
stockton california,2022-08-28,32.7,15,23.4,31.5,15,23.1,12.2,53,0,0,0,,0,0,30.6,22.3,322.3,1007.9,0.2,14.7,275.2,23.9,8,10,2022-08-28T06:31:43,2022-08-28T19:40:20,0.05,Clear,Clear conditions throughout the day.,clear-day,"C0136,KSCK,KMOD,KLVK,72492723285,72492623258,72492023237"
stockton california,2022-08-29,33.7,16.1,23.8,32.2,16.1,23.4,12.7,53.9,0,0,0,,0,0,29.5,23.9,323.3,1010.5,2.1,16,253.1,21.8,8,10,2022-08-29T06:32:34,2022-08-29T19:38:53,0.09,Clear,Clear conditions throughout the day.,clear-day,"C0136,KSCK,KMOD,KLVK,72492723285,72492623258,72492023237"
stockton california,2022-08-30,34.9,16.1,24.6,33.8,16.1,24.3,13.1,52.6,0,0,0,,0,0,29.5,22,324.3,1012.9,0,15.9,260.5,22.4,8,10,2022-08-30T06:33:26,2022-08-30T19:37:25,0.12,Clear,Clear conditions throughout the day.,clear-day,"C0136,KSCK,KMOD,KLVK,72492723285,72492623258,72492023237"
stockton california,2022-08-31,36.6,16.1,25,34,16.1,24.3,10.6,48.5,0,0,0,,0,0,30.6,18.4,319,1012.8,0.8,15.9,274.8,23.7,9,10,2022-08-31T06:34:17,2022-08-31T19:35:56,0.16,Clear,Clear conditions throughout the day.,clear-day,"C0136,KSCK,KMOD,KLVK,72492723285,72492623258,72492023237"
stockton california,2022-09-01,39.9,16.2,28.1,38.7,16.2,27.4,10.3,36.6,0,0,0,,0,0,27.4,16.3,311.2,1009.2,0,15.9,264.5,22.8,8,10,2022-09-01T06:35:08,2022-09-01T19:34:27,0.19,Clear,Clear conditions throughout the day.,clear-day,"C0136,KSCK,KMOD,KLVK,72492723285,72492623258,72492023237"
stockton california,2022-09-02,39.9,19.9,29.2,37.3,19.9,28.1,8.3,31.1,0,0,0,,0,0,29.2,22.2,305.9,1008.7,0,15.4,273.2,23.6,9,10,2022-09-02T06:35:59,2022-09-02T19:32:57,0.23,Clear,Clear conditions throughout the day.,clear-day,"C0136,KSCK,KMOD,KLVK,72492723285,72492623258,72492023237"
stockton california,2022-09-03,39.2,17.3,28.3,37.3,17.3,27.4,9,33.3,0,0,0,,0,0,28.8,20.5,316.8,1011.4,0,16,260.8,22.4,8,10,2022-09-03T06:36:50,2022-09-03T19:31:27,0.25,Clear,Clear conditions throughout the day.,clear-day,"C0136,KSCK,KMOD,KLVK,72492723285,72492623258,72492023237"
stockton california,2022-09-04,40.6,18.4,29.7,39.2,18.4,28.9,9.4,30.7,0,0,0,,0,0,22,16.2,316.7,1010.3,0,16,260.9,22.6,8,10,2022-09-04T06:37:41,2022-09-04T19:29:57,0.3,Clear,Clear conditions throughout the day.,clear-day,"C0136,KSCK,KMOD,KLVK,72492723285,72492623258,72492023237"
stockton california,2022-09-05,43.8,20.7,32.1,43.8,20.7,31.3,10.8,30.6,0,0,0,,0,0,31.7,18.3,299.9,1006.7,0,16,255,22.2,8,10,2022-09-05T06:38:32,2022-09-05T19:28:26,0.34,Clear,Clear conditions throughout the day.,clear-day,"C0136,KSCK,KMOD,KLVK,72492723285,72492623258,72492023237"
stockton california,2022-09-06,45.5,24.3,34.4,45.5,24.3,33.9,13.5,32,0,0,0,,0,0,37.4,22.1,299.5,1007.1,0,16,245.4,21.3,8,10,2022-09-06T06:39:23,2022-09-06T19:26:54,0.37,Clear,Clear conditions throughout the day.,clear-day,"C0136,KSCK,KMOD,KLVK,72492723285,72492623258,72492023237"
stockton california,2022-09-07,42.8,21.8,32.4,41.5,21.8,31.3,9.8,28.7,0,0,0,,0,0,38.9,25.9,298.1,1010.9,0,15.6,239.5,20.5,8,10,2022-09-07T06:40:14,2022-09-07T19:25:22,0.41,Clear,Clear conditions throughout the day.,clear-day,"C0136,KSCK,KMOD,KLVK,72492723285,72492623258,72492023237"
stockton california,2022-09-08,43.3,25,33.4,42.8,25,32.7,10,24.8,0,0,0,,0,0,33.5,23.6,307.7,1006.4,0,16,239.2,20.5,8,10,2022-09-08T06:41:05,2022-09-08T19:23:50,0.44,Clear,Clear conditions throughout the day.,clear-day,"CI070,C0136,KSCK,KMOD,KLVK,72492723285,72492623258,72492023237"
stockton california,2022-09-09,41,23.8,32.1,39.6,23.8,31.2,11,29,0,0,0,,0,0,38.5,19.8,302.7,999.4,0,15.9,227.1,19.7,8,10,2022-09-09T06:41:56,2022-09-09T19:22:18,0.48,Clear,Clear conditions throughout the day.,clear-day,"CI070,C0136,KSCK,KMOD,KLVK,72492723285,72492623258,72492023237"
stockton california,2022-09-10,29.9,21.7,25.4,29.2,21.7,25.3,13.4,48.1,0,0,0,,0,0,38.9,23.9,335.4,1008.3,1.3,16,134.1,11.5,5,10,2022-09-10T06:42:47,2022-09-10T19:20:45,0.5,Clear,Clear conditions throughout the day.,clear-day,"CI070,C0136,KSCK,KMOD,KLVK,72492723285,72492623258,72492023237"
stockton california,2022-09-11,34.2,21.2,26.6,32,21.2,25.9,9.5,37.2,0,0,0,,0,0,32.4,18.5,315.8,1014.4,1.1,15.3,183.5,15.8,8,10,2022-09-11T06:43:38,2022-09-11T19:19:12,0.54,Clear,Clear conditions throughout the day.,clear-day,"CI070,C0136,KSCK,KMOD,KLVK,72492723285,72492623258,72492023237"
stockton california,2022-09-12,33.8,20.6,26.2,31.8,20.6,25.5,8.3,34.3,0,0,0,,0,0,40,29.2,280.5,1011.9,0.1,16,223,19.4,9,10,2022-09-12T06:44:29,2022-09-12T19:17:39,0.58,Clear,Clear conditions throughout the day.,clear-day,"CI070,C0136,KSCK,KMOD,KLVK,72492723285,72492623258,72492023237"
stockton california,2022-09-13,27.7,17.2,21.2,27.2,17.2,21.1,11.7,56.6,0,0,0,,0,0,49.8,34.9,271.3,1010.8,4.5,16,232.5,20.1,8,10,2022-09-13T06:45:20,2022-09-13T19:16:05,0.61,Clear,Clear conditions throughout the day.,clear-day,"C0136,KSCK,KMOD,KLVK,72492723285,72492623258,72492023237"
stockton california,2022-09-14,27.1,15.6,20.6,26.8,15.6,20.6,11.8,59.3,0,0,0,,0,0,42.5,25.8,279.2,1012.7,2.2,16,237.8,20.4,8,10,2022-09-14T06:46:11,2022-09-14T19:14:32,0.64,Clear,Clear conditions throughout the day.,clear-day,"C0136,KSCK,KMOD,KLVK,72492723285,72492623258,72492023237"
stockton california,2022-09-15,26.6,14.6,20,26.6,14.6,20,12,62.8,0,0,0,,0,0,35.3,23.9,275.5,1014.9,1.9,16,214.2,18.5,8,10,2022-09-15T06:47:02,2022-09-15T19:12:58,0.67,Clear,Clear conditions throughout the day.,clear-day,"C0136,KSCK,KMOD,KLVK,72492723285,72492623258,72492023237"
stockton california,2022-09-16,28.8,13.9,20.8,28,13.9,20.6,11.5,59.4,0,0,0,,0,0,36.4,23.5,289.1,1013.6,0.7,16,221.3,19.1,7,10,2022-09-16T06:47:53,2022-09-16T19:11:24,0.71,Clear,Clear conditions throughout the day.,clear-day,"C0136,KSCK,KMOD,KLVK,72492723285,72492623258,72492023237"
stockton california,2022-09-17,27.1,13.3,19.3,26.6,13.3,19.2,10.5,59.2,0,0,0,,0,0,55.2,37.6,272.9,1008,0.4,16,198.9,17.2,7,10,2022-09-17T06:48:44,2022-09-17T19:09:50,0.75,Clear,Clear conditions throughout the day.,clear-day,"C0136,KSCK,KMOD,KLVK,72492723285,72492623258,72492023237"
stockton california,2022-09-18,24.9,15.9,19,24.9,15.9,19,12.3,66.4,0.196,100,25,rain,0,0,53.8,43.2,142.4,1005.2,59.4,16,113.1,9.7,7,10,2022-09-18T06:49:36,2022-09-18T19:08:16,0.77,"Rain, Partially cloudy",Partly cloudy throughout the day with rain.,rain,"C0136,KSCK,KMOD,KLVK,72492723285,72492623258,72492023237"
stockton california,2022-09-19,26.5,17.2,20,26.5,17.2,20,15.2,75.5,1.512,100,20.83,rain,0,0,29.5,21.9,134.1,1009.3,84.3,15.7,102.5,8.9,7,30,2022-09-19T06:50:27,2022-09-19T19:06:42,0.8,"Rain, Partially cloudy",Partly cloudy throughout the day with rain.,rain,"C0136,KSCK,KMOD,KLVK,72492723285,72492623258,72492023237"
stockton california,2022-09-20,26.6,14.3,19.9,26.6,14.3,19.9,13.7,70.3,0.006,100,8.33,rain,0,0,27,18.2,310.7,1012.1,44.1,16,162.3,13.9,9,10,2022-09-20T06:51:19,2022-09-20T19:05:08,0.83,"Rain, Partially cloudy",Partly cloudy throughout the day with rain.,rain,"C0136,KSCK,KMOD,KLVK,72492723285,72492623258,72492023237"
stockton california,2022-09-21,26.6,16.2,21,26.6,16.2,21,11.4,56.2,0,0,0,,0,0,33.5,20.3,290.2,1014,31.9,16,202,17.3,8,10,2022-09-21T06:52:10,2022-09-21T19:03:34,0.87,Partially cloudy,Clearing in the afternoon.,partly-cloudy-day,"C0136,KSCK,KMOD,KLVK,72492723285,72492623258,72492023237"
stockton california,2022-09-22,28.8,14.4,21.1,28,14.4,20.9,11.6,58.3,0,0,0,,0,0,33.5,29.4,312.9,1016.2,0,16,229.3,19.9,8,10,2022-09-22T06:53:02,2022-09-22T19:02:00,0.9,Clear,Clear conditions throughout the day.,clear-day,"C0136,KSCK,KMOD,KLVK,72492723285,72492623258,72492023237"
stockton california,2022-09-23,33.3,12.9,22.6,31.7,12.9,22.2,11.5,53.8,0,0,0,,0,0,20.2,12.9,310.6,1013.9,0,15.8,223.5,19.2,8,10,2022-09-23T06:53:54,2022-09-23T19:00:26,0.93,Clear,Clear conditions throughout the day.,clear-day,"C0136,KSCK,KMOD,KLVK,72492723285,72492623258,72492023237"
stockton california,2022-09-24,36,13.9,24.6,33.8,13.9,24,10.7,48,0,0,0,,0,0,29.2,17.8,303.5,1014.8,0,16,238.5,20.6,8,10,2022-09-24T06:54:46,2022-09-24T18:58:52,0.96,Clear,Clear conditions throughout the day.,clear-day,"C0136,KSCK,KMOD,KLVK,72492723285,72492623258,72492023237"
stockton california,2022-09-25,34.2,16.7,25,33.2,16.7,24.6,12.2,47.5,0,0,0,,0,0,27,18.2,309.9,1014.3,0,16,221.8,19,7,10,2022-09-25T06:55:38,2022-09-25T18:57:19,0,Clear,Clear conditions throughout the day.,clear-day,"C0136,KSCK,KMOD,KLVK,72492723285,72492623258,72492023237"
stockton california,2022-09-26,34.2,16.1,23.6,32.7,16.1,23.3,12.8,54.5,0,0,0,,0,0,29.2,21.9,318.3,1012.5,0.4,16,218.7,18.8,7,10,2022-09-26T06:56:30,2022-09-26T18:55:45,0.03,Clear,Clear conditions throughout the day.,clear-day,"CI070,C0136,KSCK,KMOD,KLVK,72492723285,72492623258,72492023237"
stockton california,2022-09-27,31.1,13.9,21.5,29.4,13.9,21.2,10.6,53.5,0,0,0,,0,0,21.2,14.7,328.5,1013.4,0.5,15.9,218,18.9,8,10,2022-09-27T06:57:23,2022-09-27T18:54:12,0.07,Clear,Clear conditions throughout the day.,clear-day,"CI070,C0136,KSCK,KMOD,KLVK,72492723285,72492623258,72492023237"
stockton california,2022-09-28,32.1,12.9,22.2,30,12.9,21.7,9.9,51.6,0,0,0,,0,0,30.6,18.4,306.8,1014.9,0,16,218.2,18.9,8,10,2022-09-28T06:58:15,2022-09-28T18:52:39,0.1,Clear,Clear conditions throughout the day.,clear-day,"C0136,KSCK,KMOD,KLVK,72492723285,72492623258,72492023237"
stockton california,2022-09-29,31.1,14.4,22.5,29.9,14.4,22.3,13.1,59.2,0,0,0,,0,0,27.7,18.1,302.9,1015,0,16,220,18.9,8,10,2022-09-29T06:59:08,2022-09-29T18:51:06,0.14,Clear,Clear conditions throughout the day.,clear-day,"C0136,KSCK,KMOD,KLVK,72492723285,72492623258,72492023237"
stockton california,2022-09-30,32.8,13.4,23.1,30.7,13.4,22.6,9.8,48.8,0,0,0,,0,0,20.9,16.2,298.6,1009.6,0,16,213.5,18.2,8,10,2022-09-30T07:00:01,2022-09-30T18:49:34,0.17,Clear,Clear conditions throughout the day.,clear-day,"C0136,KSCK,KMOD,KLVK,72492723285,72492623258,72492023237"
stockton california,2022-10-01,29.9,13.8,21.1,28.8,13.8,20.9,11.4,56.5,0,0,0,,0,0,31.7,18.7,310.1,1008.7,0.2,16,219.9,19.1,7,10,2022-10-01T07:00:54,2022-10-01T18:48:02,0.21,Clear,Clear conditions throughout the day.,clear-day,"C0136,KSCK,KMOD,KLVK,72492723285,72492623258,72492023237"
